id,title,content,datetime,author,views
1,清明祭英烈，电机师生以祭扫寓追思,"“我们在烈士墓前鞠躬、献花、致敬，英烈们在这里，红色传承在这里。这种革命精神值得我学习。”“没有先烈们的努力就没有我们今天的幸福生活，我们要立志将在他们的精神发扬光大，把他们的事业更好地接力下去，为自己的学校、国家尽自己的一份力。” 在祭扫烈士陵园时，电机师生这样感慨道。

清明期间，上海电机学院各二级党组织以实地祭扫、线上祭扫等形式缅怀革命英烈，以缅怀革命英烈的形式，进一步深入党史学习教育，致敬建党百年，继承革命先烈红色基因，弘扬和传承革命英雄的爱国主义精神。

由退伍大学生组成的国旗护卫队在临港校区举行“清明祭英烈”升国旗仪式。电气学院、电子信息学院、外国语学院、高职学院、团委、后勤保障中心等组织师生前往龙华烈士陵园、川沙烈士陵园、书院烈士纪念碑进行祭扫、献花并面向党旗宣誓，还参观了上海英烈纪念展、上海市人民英雄纪念塔等红色地标，踏寻先烈足迹，寻访革命遗迹。

机关党委、马克思主义学院直属党支部、图书馆直属党支部、机械学院党总支、高职学院党总支、材料学院直属党支部、文理学院直属党支部、体育教学部直属党支部等组织了师生进行网上祭扫，并面向党旗宣誓，观看“红色故事”视频，学习革命精神。",2021-04-05 00:00:00,潘帅豪,456
2,信息化中心在“2021智慧高校CIO论坛”作主题发言 荣获“2021智慧高校飞跃奖”,2021年3月30—31日，第二届智慧高校CIO论坛在上海召开，来自全国各地的信息化建设领导、专家、学者一同出席了此次盛会。本次论坛以“数字融合，智慧育人”为主题，共同探讨十四五背景下智慧校园体系建设、智能+高校信息化建设、高校数字化转型、云计算等当下高校关注的重点，共筑数字融合时代智慧教育、智慧校园的IT基石。论坛上举行了颁奖典礼，我校荣获“2021智慧高校飞跃奖”。,2021-04-08 00:00:00,邱骋,401
3,宁国市副市长一行莅临中德智能制造学院考察,4月11日上午，安徽省宁国市副市长王方、市人大副主任凤璟等领导一行7人到访中德智能制造学院。中德智能制造学院院长刘军、机关党委书记朱成实、学院直属党支副书记何宁等在学院210会议室进行了接待。双方就人才培养、产教融合、政企校协同育人等问题进行了深入探讨并初步达成了合作意向。通过座谈，双方就校企技术对接、校企科研成果转化、国际化高技能人才培养等方面达成共识，希望未来可以政校企协同，在专业建设、产教融合、师资共培、实验实训基地共建共享等方面开展合作。宁国市政府领导一行还参观了校园、德泰书院及工业4.0实验室。（李玲）,2021-04-12 00:00:00,潘帅豪,387
4,"华东师范大学闫方洁教授为我校教师作讲座
","4月9日下午，教师教学发展中心邀请华东师范大学马克思主义学院闫方洁教授为我校教师作题为“概念、原则与路径——关于理工科类课程思政设计的思考”的讲座。本次教与学讲坛活动通过线上直播方式进行，共计120余位教师报名参加。

闫方洁主要从课程思政的概念、设计原则与实施路径三个方面进行了阐述。从澄清概念出发，专业课程教师应理解“大思政”教育，发挥专业课程的育人功能，把技术学习上升到方法和德性，培养学生的世界观、历史观、人生观，与思想政治理论课同向同行，形成协同效应。遵循隐性、适度、自然的原则，对思政目标进行提炼，因地制宜地开展课程思政。闫方洁鼓励教师阅读《高等学校课程思政建设指导纲要》等文件，根据国家及教育部文件确认课程思政实施的方向，此外，结合学科专业特色和优势合理拓展课程的广度、深度和温度。

闫方洁讲明了理工科类课程如何在保障知识性的同时提升引领性和时代性，同时，进一步举例说明思政目标如何与专业课程自然融合，引起学生情感共鸣。会后，教师和闫方洁进行了提问互动，活跃了在线讲座的氛围。本次讲座逻辑严谨，学理性和启发性并存，对于我校教师进一步做细、做好课程思政起到了积极促进作用。（教师教学发展中心）",2021-04-12 00:00:00,潘帅豪,254
5,马克思主义学院举办2021年上海电机学院课程思政教学评比展示活动学院初赛,"4月9日，马克思主义学院在文理楼228室举办2021年上海电机学院马克思主义学院课程思政教学评比展示活动学院初赛。

本次比赛邀请了上海海洋大学马克思主义学院书记陈艳红、上海电机学院马克思主义学院特聘教授张健明，以及上海电机学院教师教学发展中心主任万宁担任评委。本次比赛共有32位教师参加，所讲授的内容覆盖思政课、党史教育等多类课程，选题围绕政治认同、家国情怀、文化素养、宪法法治意识、道德修养等，将思政教育有机融入课程教学，体现了思想性、前沿性和时代性，吸引了诸多教师前来观摩。

本次比赛是依托课程思政育人体系开展党史学习教育的重要体现，是强化课程育人导向、深入挖掘各类课程的“思政元素”的重要举措，有助于推进思政课改革创新，达到知识传授、能力培养、价值塑造“三位一体”的教学目标，不断积累课程思政改革的经验和成果。既能够帮助参赛老师发现授课过程中的不足，为参加校级比赛打下良好的基础，同时也能够让参赛老师反思平时教学中的问题，并加以改进，提升教学效果。（撰稿：冯婷婷 照片：武一飞）",2021-04-12 00:00:00,潘帅豪,360
6,行走的党课：聆听校外思政导师宣讲 传承工匠精神,"“工匠精神是中国制造前行的精神源泉。李斌同志做为一名共产党员，扎根一线30年，攻坚克难几十载始终不变。作为一名即将毕业的研究生党员，我要以李斌同志为榜样，以成为大国工匠为己任，为祖国繁荣奉献自己的一份力量。”研究生党员李鑫参观学习结束谈起了自己的职业规划。

 “通过参观上海电气，了解我国新中国工业的发展史，感受到中国从站起来、富起来到强起来的艰辛探索和历史必然，认识到党的全面领导和集中力量办大事的社会主义制度优势，在建党一百周年之际，我们青年更应该跑好历史的接力赛。”自动化1712班级党员汤嘉辰感受到肩上的责任与担当。为了给即将走上工作岗位的毕业生党员上好最后一堂党课，4月13日下午，电气学院党委书记吕小亮、副书记卿海龙和各支部书记带领毕业生党员来到上海劳模育人示范基地——上海电气临港重装备制造基地的“李斌展示厅”，邀请学校“三全育人”校外思政导师、上海电气临港重装备制造基地党委书记潘清开展以“感受大国重器辉煌，传承工匠精神”为主题的情景党课。在展示厅内，潘清围绕李斌的成长轨迹生动地讲解了李斌同志身上所展现出的强烈社会责任感和党员的历史使命感，党员同志们也被“爱岗敬业、刻苦钻研、勇于创新、无私奉献”的李斌精神深深感动。潘清表示希望毕业生党员能进一步弘扬劳模精神和工匠精神，瞄准科技前沿和关键领域，不断提高创新能力、以服务经济社会发展为己任，时刻践行上海电机学院“明德至善，博学笃行”的校训和“自强不息，追求卓越”的学校精神，展现一名新时代卓越现场工程师的风采。
                                                                                                                                                                                                                                                                                                           
                                                                                                                                                                                                                                                                                                           党课结束后，全体党员还参观了上海电气的临港工厂。在建党百年之际，毕业生党员不仅接受了劳模精神的洗礼，也进一步明确自己的职业规划，通过了解党史，了解新中国工业发展史，进一步增强时代责任感与紧迫感，让青春之花在实现中国梦的伟大实践中灿烂绽放。",2021-04-15 00:00:00,邱骋,179
7,校团委举办“百年主旋律 唱亮中国红”中国共产党诞辰100周年特别音乐讲座,4月14日下午，“百年主旋律 唱亮中国红”中国共产党诞辰100周年特别音乐讲座在学生事务中心小剧场开讲，本次讲座邀请到资深音乐媒体人、作家、上海教育电视台音乐总监、我校79级校友徐冰老师。在开讲前，校团委特聘徐冰老师为我校“青年思政导师”，由校党委学工部部长、团委书记尚海龙颁发聘书。恰逢建党百年之际，徐冰老师通过这个特别的讲座带我们重温百年历程中音乐的变迁，串联起了中国共产党百年的历史，让我们在歌声中再次回顾了革命精神，也同样的用旋律歌颂伟大的中国共产党。讲座结束后，徐冰老师同临港五校团委相关工作负责人交流座谈，共同围绕上海临港校园音乐基地的筹备进行合作协商。（金金夏子）,2021-04-15 00:00:00,邱骋,35
8,机关党委第七党支部党建共建基地揭牌,"为迎接中国共产党100周年华诞，深入推进“党史”学习教育，更好地加强支部党建工作，以党建为引领，促进各项业务工作更好更快发展，4月13日上午，机关党委第七党支部和上海外国语大学信息技术中心直属党支部举行了党建共建结对签约仪式。副校长王志恒及两个支部党员一同出席了签约仪式。

我校机关党委第七党支部书记陈献忠与上外信息技术中心直属党支部书记夏晴签约党建共建协议。副校长王志恒为党建共建基地进行了揭牌并作了发言。

此次党建共建签约是两支部在构建资源共享、优势互补、共同提高党建工作新格局迈出了重要的第一步。希望以此次共建为契机，促使双方支部互相交流学习，借鉴双方党建工作的好方法好经验，一同学党史、悟思想、办实事、开新局，真正达到理论同学、组织同建，以党建促基建，以党建促信息化建设，以期推动各项工作更好发展。

全体党员一起参观了上海外国语大学语言博物馆和校史馆，还学习了上外信息技术中心在信息化规划和智慧校园建设等方面的经验。

下午，支部全体党员前往松江烈士陵园，缅怀先烈，还参观了松江城市规划展示馆。大家纷纷表示，要弘扬革命精神，不断加强学习，努力学习工作，积极践行全心全意为人民服务的宗旨。（赵惠）",2021-04-18 16:00:00,潘帅豪,292
9,"图书馆论文查证平台在一站式办事大厅正式上线
",图书馆的论文查证工作，是为教师科研考核、职称评审和学生申请奖励等出具的一个检索证明材料。在学校信息化中心的支持下，图书馆论文查证平台纳入了学校智慧校园的建设，此项目也是2020年八届一次教代会的提案之一。从提交申请到最后证明材料的获取都在网上完成，此项目得到了科研处的支持，科研处也可以从这个平台中，直接获取证明材料作为年底科研考核的依据。通过学校的一站式办事大厅的查证平台，简化师生的办事流程，全流程可实时跟踪，实现了数据多跑路，师生少跑路，让师生有更多的时间投入到教学和科研工作，这也是图书馆结合党史学习教育和“我为群众办实事”，以师生需求为服务导向，通过为全校师生办实事，加强人性化服务，着力提高图书馆的服务质量和管理水平。（谢丹玫）,2021-04-19 00:00:00,邱骋,281
10,以百年党史汲奋进之力 智能制造（中德）学院深入开展党史学习教育,"在以“学党史、悟思想、办实事、开新局”为主题的党史学习教育活动中，上海电机学院智能制造（中德）学院联合直属党支部坚持“学”“悟”“行”“创”，将党史学习与凝聚师生人气相结合、与创新学院发展相结合，与提高育人成效相结合，以百年党史之辉煌，汲取师生奋进之动力，助推学院建设发展。

以学正心，感悟百年伟力。自3月底学院启动党史学习教育以来，支部党员线上线下结合，通过阅读原著，“学习强国”APP、学院网站“学而时习”专栏等平台开展了党史经典著作自学，并分享学习心得。党员们在支部群里开展“党史百年天天读”接力活动，学史明理、学史增信，从党史中汲取工作动力和智慧。清明节期间，党员师生重点学习观摩了“隐蔽战线英雄谱”系列故事，缅怀致敬英雄。

以学正气，凝聚师生人心。4月初，正值校园春意盎然，党员教师走下讲台，走出办公室，打卡校园网红景点，开展“党史学习暨献礼建党100周年经典著作诵读”主题党日活动。“百年恰是风华正茂，百年仍需风雨兼程”......在图书馆前，在“我爱SDJU”校园logo前，党员教师声情并茂诵读了《中国共产党简史》，用铿锵有力的声音，抒发了对伟大的党敬仰和敬畏之情，更加坚定了对党和国家辉煌前景、对学校和学院“十四五”美好愿景的向往与信心。
以学促进，增强学习实效。在学习党史过程中，学院组织同学开展“访初心之地、溯信仰之源”红色教育基地走访。通过现场自述党史故事、现场合唱红歌、现场分享打卡心得，并结合手抄报、朗诵、表演等形式汇报红色基地走访学习成果，同学们用脚步丈量党史辉煌历程，锤炼品格修养，增强责任担当。

以学促行，办实事解难题。学院立足师生实际，通过列清单的形式梳理解决师生实际困难，办好贴心事。结合“2+2”中德合作办学实际，支部建立党员与在德留学学生联系沟通机制、跨国心理辅导机制，关心留德学生身心健康。学院关注新进青年教工和海归教工个人发展，建立青年教师带教机制；对接临港新片区人才服务中心，组织开展青年教师落户安家购房政策咨询；实施学院“职工小家”建设工程，深入群众办实事解难题。
以学创新，开学院发展新局。支部将党史学习与学院中心工作有机融合，主动对接临港新片区需求，围绕学院工业4.0智能制造产线建设，建立一支由党员教师和海归教师为主的讲解员队伍，打造智能制造产线“情景党课”示范基地。在“请进来”的同时，支部坚持“走出去”，加强区域党建联建，共建共学党史，不断推进党史学习和基层党建工作外延拓展，紧密围绕学院“人才培养”“学科建设”“产教融合”和“国际交流”四个“高地”建设目标，持续发挥好战斗堡垒作用。",2021-04-18 16:00:00,潘帅豪,1
11,第九届职业院校技能大赛“CAD机械设计”项目高职学生组复赛在我校举办,"4月18日由上海市教育委员会、上海市人力资源和社会保障局、上海市教育发展基金会和上海市民办教育发展基金会共同主办的上海市“星光计划”第九届职业院校技能大赛“CAD机械设计”项目高职学生组复赛在我校举办。

工业技术中心作为我校该竞赛项目的技术支持和执行部门，赛前成立了领导小组、赛务工作组、技术保障组等，从场地搭建、环境布置、人员安排、秩序维护到赛务协调、后勤保障等都一一落实到人。竞赛共有来自全市各区的36位选手参赛，一流的竞赛设施、整洁的赛场环境、规范的赛事流程、完善的后勤保障、科学到位的赛事服务，为裁判、参赛选手和领队等留下了美好深刻的印象。（张秀芳）",2021-04-20 16:00:00,邱骋,20
