id,name,teacherID,teacher,college,startDate,endDate,studentNum,introduce,schedule
A001,马克思主义思想,111001,罗翔,马克思主义学院,2021-01-01 02:16:07,2021-04-30 02:16:20,2,"马克思主义，英文是Marxism，是马克思主义理论体系的简称，是关于全世界无产阶级和全人类彻底解放的学说。它由马克思主义哲学、马克思主义政治经济学和科学社会主义三大部分组成，是马克思、恩格斯在批判地继承和吸收人类关于自然科学、思维科学、社会科学优秀成果的基础上于19世纪40年代创立的，并在实践中不断地丰富、发展和完善的无产阶级思想的科学体系。
马克思主义理论体系覆盖了马克思本人关于未来社会形态——科学社会主义的全部观点和全部学说。
马克思主义理论体系包含两个组成部分，即为现代唯物主义和现代科学社会主义。
马克思主义理论体系中的科学社会主义理论，包含两部分内容，科学社会主义革命理论(即政权理论部分)，科学社会主义政治经济学原理。","1,16;0,0,1-2,理论课A教101;0,1,1-2,理论课A教101;0,2,1-2,理论课A教101;0,3,1-2,理论课A教101;0,4,1-2,理论课A教101;0,5,1-2,理论课A教101;0,6,1-2,理论课A教101;0,5,3-4,理论课A教101;"
A002,刑法学1,111001,罗翔,马克思主义学院,2021-01-01 02:16:07,2021-02-28 02:16:20,2,"刑法学以世界各国刑法为研究对象，是研究犯罪和刑罚、刑事责任及其罪刑关系的科学。它属于部门法学的范畴，是部门法学中最重要的学科之一。
作为研究刑法的科学，是随着刑法的产生而出现的。在漫长的历史发展过程中，随着人类对犯罪和刑罚的认识不断深入，积累了大量的刑法文化遗产，成为人类文明的重要组成部分。中国古代刑律十分发达，当时律学主体部分就是研究刑律的学问，也就是现在的刑法学。例如，中国春秋时期就有所谓“刑名之学”。但是，刑法学作为一门独立学科却是近代才出现的。一般认为，1764年意大利著名刑法学家贝卡里亚《论犯罪和刑罚》一书的出版，标志着现代刑法学的正式诞生。此后，经费尔巴哈、龙勃罗梭、菲利、李斯特等人的不断努力，先后出现了刑事古典学派与刑事实证学派（包括刑事人类学派和刑事社会学派），创立和发展了刑法理论体系。","1,16;0,3,3-4,理论课A教102"
A003,犯罪心理学1,111001,罗翔,马克思主义学院,2021-01-01 02:16:07,2021-02-28 02:16:20,3,犯罪心理学是一门运用心理学理论、方法，研究与犯罪有关的心理活动及其客观规律的科学，即从心理活动方面，探索犯罪原因的学科。从犯罪心理学目前研究的情况来看，可以区分为狭义的犯罪心理学和广义的犯罪心理学。狭义的犯罪心理学，只研究犯罪人的心理，即犯罪主体的心理，其中包括犯罪人犯罪心理结构形成的原因和过程，犯罪过程中的心理活动，以及怎样对犯罪心理结构施加影响和加以教育等等。广义的犯罪心理学则不仅研究犯罪主体的心理，而且研究有犯罪倾向的人的心理和刑满释放人员的心理，以及被害者、证人、诉讼过程中司法人员的心理和罪犯改造过程中的心理，等等。因此，有些学者将犯罪心理学视为犯罪学的一个重要组成部分，如同犯罪社会学一样，他们都是从一个侧面研究犯罪形成的原因和条件，探讨犯罪的规律，寻求控制和预防犯罪的对策。这是很有道理的。这说明犯罪学与心理学的联系密切，同时也反映了社会科学与自然科学之间的相互交叉、相互渗透、相互补充的发展趋势。,
A004,法律基础,111001,罗翔,马克思主义学院,2021-02-12 02:35:35,2021-02-26 02:35:39,0,"法律是由国家制定或认可并以国家强制力保证实施的，反映由特定物质生活条件所决定的统治阶级意志的规范体系。 [1]  法律是统治阶级意志的体现，是国家的统治工具。
法律是由享有立法权的立法机关行使国家立法权，依照法定程序制定、修改并颁布，并由国家强制力保证实施的基本法律和普通法律总称。法律是法典和律法的统称，分别规定公民在社会生活中可进行的事务和不可进行的事务。
法律可以划分为：（1）宪法；（2）法律；（3）行政法规；（4）地方性法规；（5）自治条例和单行条例。法律是从属于宪法的强制性规范，是宪法的具体化。宪法是国家法的基础与核心，法律则是国家法的重要组成部分。
截至2019年11月，中国现行有效的法律有275部",
B001,CCNA1,112002,雷军,电子信息学院,2021-01-01 02:16:07,2021-02-28 02:16:20,0,CCNA认证标志着具备安装、配置、运行中型路由和交换网络，并进行故障排除的能力。获得CCNA认证的专业人士拥有相应的知识和技能，能够通过广域网与远程站点建立连接，消除基本的安全威胁，了解无线网络接入的要求。CCNA培训包括（但不限于）以下这些协议的使用：IP、EIGRP、串行线路接口协议、RIPv2、VLAN、以太网和访问控制列表（ACL）。,"1,16;0,3,1-2,理论课A教101"
B002,java应用开发,112004,狂神,电子信息学院,2021-01-01 02:16:07,2021-02-28 02:16:20,2,,"1,16;0,1,1-2,理论课C教401"
B003,数据库基础,112004,狂神,电子信息学院,2021-02-03 16:00:00,2021-03-10 16:00:00,0,,"1,16;0,2,2,理论课C教402"
B004,SpringMVC,112004,狂神,电子信息学院,2020-12-31 18:16:07,2021-02-27 18:16:20,0,,"1,16;0,3,1-2,理论课C教403"
B005,SpringBoot,112004,狂神,电子信息学院,2021-02-19 18:00:00,2021-02-26 18:00:00,0,,"1,16;0,4,5-6,理论课C教404"
B006,Mybatis,112004,狂神,电子信息学院,2021-03-01 13:00:00,2021-03-20 13:00:00,0,,"1,16;0,5,7,理论课C教405"
B008,SpringCloud,112004,狂神,电子信息学院,2021-02-18 16:00:00,2021-03-11 16:00:00,0,,"1,16;0,6,1-2,理论课C教406"
B009,CCNA2,112002,雷军,电子信息学院,2021-01-01 02:16:07,2021-02-28 02:16:20,0,,""
C001,大学英语1,113001,张雪峰,外国语学院,2021-01-01 02:16:07,2021-02-28 02:16:20,0,,
C002,英语听说1,113001,张雪峰,外国语学院,2021-01-01 02:16:07,2021-02-28 02:16:20,0,,""
C003,英语听说2,113001,张雪峰,外国语学院,2021-01-01 02:16:07,2021-02-28 02:16:20,2,,
C004,大学英语2,113001,张雪峰,外国语学院,2021-01-01 02:16:07,2021-02-28 02:16:20,0,,
