id,name,gender,classes,college,phone
121101,刘一,0,财经1班,商学院,18745874532
121102,陈二,0,财经1班,商学院,12322211125
122101,张三,1,网络1班,电子信息学院,13178412546
122102,李四,1,网络1班,电子信息学院,13145874213
122201,王五,1,网络2班,电子信息学院,13158945311
122202,赵六,0,网络2班,电子信息学院,13158746951
123101,孙七,1,英语1班,外国语学院,13212547854
123102,周八,1,英语1班,外国语学院,12323232323
124101,吴九,0,自动化1班,机械学院,2222
124102,郑十,0,自动化1班,机械学院,111222333
